[
  {
    "id": "aa432e2c-d196-4da0-b7b7-d54a358ffc38",
    "data": [
      {
        "text": "Akshay",
        "userDefined": false
      }
    ],
    "isTemplate": false,
    "count": 4,
    "updated": 0
  },
  {
    "id": "6b7aa6e4-6584-4ac5-9df7-0456ab4f932d",
    "data": [
      {
        "text": "Hi",
        "userDefined": false
      }
    ],
    "isTemplate": false,
    "count": 0,
    "updated": 0
  },
  {
    "id": "a252d62d-8753-4ccc-b729-e927ec9074e4",
    "data": [
      {
        "text": "amol",
        "alias": "name",
        "meta": "@sys.any",
        "userDefined": true
      }
    ],
    "isTemplate": false,
    "count": 0,
    "updated": 0
  },
  {
    "id": "943fb5f1-f88e-4efd-925a-bb2873702a7b",
    "data": [
      {
        "text": "akshay",
        "alias": "name",
        "meta": "@sys.any",
        "userDefined": true
      }
    ],
    "isTemplate": false,
    "count": 0,
    "updated": 0
  },
  {
    "id": "81a581c3-5bf6-42e1-839e-0a3749f0438a",
    "data": [
      {
        "text": "priya",
        "alias": "name",
        "meta": "@sys.any",
        "userDefined": false
      }
    ],
    "isTemplate": false,
    "count": 0,
    "updated": 0
  }
]