[
  {
    "id": "b42c76a4-be6e-4d5d-a3b2-dc362085f03e",
    "data": [
      {
        "text": "Please order pizza",
        "userDefined": false
      }
    ],
    "isTemplate": false,
    "count": 0,
    "updated": 0
  },
  {
    "id": "089fc69f-97f5-4477-a431-eeaa67c0c922",
    "data": [
      {
        "text": "i need food",
        "userDefined": false
      }
    ],
    "isTemplate": false,
    "count": 0,
    "updated": 0
  },
  {
    "id": "a5f51396-18d4-4f0c-b1b1-3a13e7af742c",
    "data": [
      {
        "text": "order pizza",
        "userDefined": false
      }
    ],
    "isTemplate": false,
    "count": 0,
    "updated": 0
  },
  {
    "id": "f5f327ed-f5ab-4632-8b21-535d2c193209",
    "data": [
      {
        "text": "i want pizza",
        "userDefined": false
      }
    ],
    "isTemplate": false,
    "count": 0,
    "updated": 0
  },
  {
    "id": "83ab8c4b-a5d0-4646-b1a4-ef1030870cb2",
    "data": [
      {
        "text": "feed me",
        "userDefined": false
      }
    ],
    "isTemplate": false,
    "count": 0,
    "updated": 0
  },
  {
    "id": "a1e762f3-2371-4c0c-9bb7-3db75622bb70",
    "data": [
      {
        "text": "I am hungry",
        "userDefined": false
      }
    ],
    "isTemplate": false,
    "count": 0,
    "updated": 0
  }
]