[
  {
    "id": "c6015055-e47a-4885-8cd5-2b466f021a00",
    "data": [
      {
        "text": "akshay",
        "alias": "name",
        "meta": "@sys.any",
        "userDefined": true
      }
    ],
    "isTemplate": false,
    "count": 2,
    "updated": 0
  },
  {
    "id": "65c495f2-70d6-4554-ac2c-f087956b3ba3",
    "data": [
      {
        "text": "nonveg",
        "alias": "type",
        "meta": "@type",
        "userDefined": false
      },
      {
        "text": " ",
        "userDefined": false
      },
      {
        "text": "medium",
        "alias": "size",
        "meta": "@size",
        "userDefined": false
      },
      {
        "text": " ",
        "userDefined": false
      },
      {
        "text": "6",
        "alias": "count",
        "meta": "@count",
        "userDefined": false
      },
      {
        "text": " ",
        "userDefined": false
      },
      {
        "text": "Sameer",
        "alias": "name",
        "meta": "@sys.any",
        "userDefined": true
      },
      {
        "text": " ",
        "userDefined": false
      },
      {
        "text": "kadubeeshanli",
        "alias": "address",
        "meta": "@sys.address",
        "userDefined": true
      },
      {
        "text": " ",
        "userDefined": false
      },
      {
        "text": "85951951",
        "alias": "phone",
        "meta": "@sys.phone-number",
        "userDefined": false
      }
    ],
    "isTemplate": false,
    "count": 0,
    "updated": 0
  },
  {
    "id": "19d6c7c1-fa5c-4348-a336-7ef42a720a31",
    "data": [
      {
        "text": "veg",
        "alias": "type",
        "meta": "@type",
        "userDefined": false
      },
      {
        "text": " ",
        "userDefined": false
      },
      {
        "text": "regular",
        "alias": "size",
        "meta": "@size",
        "userDefined": false
      },
      {
        "text": " ",
        "userDefined": false
      },
      {
        "text": "7",
        "alias": "count",
        "meta": "@count",
        "userDefined": false
      },
      {
        "text": " ",
        "userDefined": false
      },
      {
        "text": "shubham",
        "alias": "name",
        "meta": "@sys.any",
        "userDefined": true
      },
      {
        "text": " ",
        "userDefined": false
      },
      {
        "text": "jalana",
        "alias": "address",
        "meta": "@sys.address",
        "userDefined": true
      },
      {
        "text": "  ",
        "userDefined": false
      },
      {
        "text": "19194914",
        "alias": "phone",
        "meta": "@sys.phone-number",
        "userDefined": false
      }
    ],
    "isTemplate": false,
    "count": 0,
    "updated": 0
  },
  {
    "id": "5f2b88f2-b65f-49ec-83be-6910865b71d2",
    "data": [
      {
        "text": "priya",
        "alias": "person",
        "meta": "@sys.person",
        "userDefined": false
      }
    ],
    "isTemplate": false,
    "count": 0,
    "updated": 0
  },
  {
    "id": "0d1b9574-c320-4dd6-9943-67103e042657",
    "data": [
      {
        "text": "3",
        "alias": "number",
        "meta": "@sys.number",
        "userDefined": false
      }
    ],
    "isTemplate": false,
    "count": 0,
    "updated": 0
  },
  {
    "id": "2f5a4efe-9936-485b-9cd4-86791d6a0362",
    "data": [
      {
        "text": "400 road bombay",
        "alias": "location",
        "meta": "@sys.location",
        "userDefined": false
      }
    ],
    "isTemplate": false,
    "count": 0,
    "updated": 0
  },
  {
    "id": "8379030c-2c4b-4da1-bccb-96a0be746a20",
    "data": [
      {
        "text": "849140491",
        "alias": "number",
        "meta": "@sys.number",
        "userDefined": false
      }
    ],
    "isTemplate": false,
    "count": 0,
    "updated": 0
  },
  {
    "id": "aa432e2c-d196-4da0-b7b7-d54a358ffc38",
    "data": [
      {
        "text": "Akshay",
        "alias": "name",
        "meta": "@sys.any",
        "userDefined": true
      }
    ],
    "isTemplate": false,
    "count": 5,
    "updated": 0
  },
  {
    "id": "b991294e-c96c-4a4e-9b35-2baa7bf06a24",
    "data": [
      {
        "text": "sushant",
        "alias": "name",
        "meta": "@sys.any",
        "userDefined": true
      }
    ],
    "isTemplate": false,
    "count": 0,
    "updated": 0
  },
  {
    "id": "b54fc9d7-8e24-42a3-b614-5519dbce7a27",
    "data": [
      {
        "text": "veg",
        "alias": "type",
        "meta": "@type",
        "userDefined": true
      },
      {
        "text": " ",
        "userDefined": false
      },
      {
        "text": "nonveg",
        "alias": "type",
        "meta": "@type",
        "userDefined": true
      },
      {
        "text": " ",
        "userDefined": false
      },
      {
        "text": "medium",
        "alias": "size",
        "meta": "@size",
        "userDefined": true
      },
      {
        "text": " ",
        "userDefined": false
      },
      {
        "text": "small",
        "alias": "size",
        "meta": "@size",
        "userDefined": true
      },
      {
        "text": " ",
        "userDefined": false
      },
      {
        "text": "regular",
        "alias": "size",
        "meta": "@size",
        "userDefined": true
      },
      {
        "text": " ",
        "userDefined": false
      },
      {
        "text": "1",
        "alias": "count",
        "meta": "@count",
        "userDefined": true
      },
      {
        "text": " ",
        "userDefined": false
      },
      {
        "text": "2",
        "alias": "count",
        "meta": "@count",
        "userDefined": true
      },
      {
        "text": " ",
        "userDefined": false
      },
      {
        "text": "3",
        "alias": "count",
        "meta": "@count",
        "userDefined": true
      },
      {
        "text": " ",
        "userDefined": false
      },
      {
        "text": "4",
        "alias": "count",
        "meta": "@count",
        "userDefined": true
      },
      {
        "text": " ",
        "userDefined": false
      },
      {
        "text": "5",
        "alias": "count",
        "meta": "@count",
        "userDefined": true
      },
      {
        "text": " ",
        "userDefined": false
      },
      {
        "text": "6",
        "alias": "count",
        "meta": "@count",
        "userDefined": true
      },
      {
        "text": " ",
        "userDefined": false
      },
      {
        "text": "7",
        "alias": "count",
        "meta": "@count",
        "userDefined": true
      },
      {
        "text": " ",
        "userDefined": false
      },
      {
        "text": "8",
        "alias": "count",
        "meta": "@count",
        "userDefined": true
      },
      {
        "text": "  ",
        "userDefined": false
      },
      {
        "text": "akshay",
        "alias": "name",
        "meta": "@sys.any",
        "userDefined": true
      },
      {
        "text": "  ",
        "userDefined": false
      },
      {
        "text": "bengalaru",
        "alias": "address",
        "meta": "@sys.address",
        "userDefined": true
      },
      {
        "text": "  ",
        "userDefined": false
      },
      {
        "text": "9755014013",
        "alias": "phone",
        "meta": "@sys.phone-number",
        "userDefined": true
      }
    ],
    "isTemplate": false,
    "count": 0,
    "updated": 0
  },
  {
    "id": "8371a9b4-e82b-44e8-94a2-3cd36eaf6e38",
    "data": [
      {
        "text": "What is status ?",
        "userDefined": false
      }
    ],
    "isTemplate": false,
    "count": 0,
    "updated": 0
  },
  {
    "id": "dd8fab6d-a004-4ad3-9b62-eb0bea8bd398",
    "data": [
      {
        "text": "Aniket",
        "alias": "name",
        "meta": "@sys.any",
        "userDefined": false
      },
      {
        "text": " want pizza",
        "userDefined": false
      }
    ],
    "isTemplate": false,
    "count": 0,
    "updated": 0
  },
  {
    "id": "2e193b07-1e9e-4976-b030-111d2680e4a7",
    "data": [
      {
        "text": "I want ",
        "userDefined": false
      },
      {
        "text": "paneer",
        "alias": "type",
        "meta": "@type",
        "userDefined": true
      },
      {
        "text": " pizza",
        "userDefined": false
      }
    ],
    "isTemplate": false,
    "count": 0,
    "updated": 0
  },
  {
    "id": "8ca52dc8-6ae3-4877-8314-52f820afb3d4",
    "data": [
      {
        "text": "veg",
        "alias": "type",
        "meta": "@type",
        "userDefined": true
      },
      {
        "text": " ",
        "userDefined": false
      },
      {
        "text": "nonveg",
        "alias": "type",
        "meta": "@type",
        "userDefined": true
      },
      {
        "text": " ",
        "userDefined": false
      },
      {
        "text": "medium",
        "alias": "size",
        "meta": "@size",
        "userDefined": false
      },
      {
        "text": " ",
        "userDefined": false
      },
      {
        "text": "small",
        "alias": "size",
        "meta": "@size",
        "userDefined": true
      },
      {
        "text": " ",
        "userDefined": false
      },
      {
        "text": "regular",
        "alias": "size",
        "meta": "@size",
        "userDefined": false
      },
      {
        "text": " ",
        "userDefined": false
      },
      {
        "text": "1",
        "alias": "count",
        "meta": "@count",
        "userDefined": true
      },
      {
        "text": " ",
        "userDefined": false
      },
      {
        "text": "2",
        "alias": "count",
        "meta": "@count",
        "userDefined": true
      },
      {
        "text": " ",
        "userDefined": false
      },
      {
        "text": "anna",
        "alias": "name",
        "meta": "@sys.any",
        "userDefined": true
      },
      {
        "text": "  ",
        "userDefined": false
      },
      {
        "text": "lakeside road",
        "alias": "address",
        "meta": "@sys.address",
        "userDefined": true
      },
      {
        "text": "  ",
        "userDefined": false
      },
      {
        "text": "9755014013",
        "alias": "phone",
        "meta": "@sys.phone-number",
        "userDefined": true
      }
    ],
    "isTemplate": false,
    "count": 0,
    "updated": 0
  },
  {
    "id": "4c5574fe-be6b-4128-a7a7-fd193555546e",
    "data": [
      {
        "text": "i want ",
        "userDefined": false
      },
      {
        "text": "3",
        "alias": "count",
        "meta": "@count",
        "userDefined": true
      },
      {
        "text": " pizzas",
        "userDefined": false
      }
    ],
    "isTemplate": false,
    "count": 0,
    "updated": 0
  },
  {
    "id": "8afc55ed-e13d-4e82-a37e-8706d6409748",
    "data": [
      {
        "text": "my name is ",
        "userDefined": false
      },
      {
        "text": "andy",
        "alias": "name",
        "meta": "@sys.any",
        "userDefined": false
      },
      {
        "text": " and i am living at ",
        "userDefined": false
      },
      {
        "text": "jaipur 9001",
        "alias": "address",
        "meta": "@sys.address",
        "userDefined": true
      },
      {
        "text": " and my phone no is ",
        "userDefined": false
      },
      {
        "text": "9766045016",
        "alias": "phone",
        "meta": "@sys.phone-number",
        "userDefined": false
      }
    ],
    "isTemplate": false,
    "count": 0,
    "updated": 0
  },
  {
    "id": "c936cfe1-7eed-4088-ab0a-f9e68dadd120",
    "data": [
      {
        "text": "nonveg",
        "alias": "type",
        "meta": "@type",
        "userDefined": true
      },
      {
        "text": " pizza ",
        "userDefined": false
      },
      {
        "text": "medium",
        "alias": "size",
        "meta": "@size",
        "userDefined": false
      },
      {
        "text": " ",
        "userDefined": false
      },
      {
        "text": "regular",
        "alias": "size",
        "meta": "@size",
        "userDefined": false
      },
      {
        "text": " ",
        "userDefined": false
      },
      {
        "text": "large",
        "alias": "size",
        "meta": "@size",
        "userDefined": false
      }
    ],
    "isTemplate": false,
    "count": 0,
    "updated": 0
  },
  {
    "id": "d6e278f1-bec2-45e0-9721-7247aa55a002",
    "data": [
      {
        "text": "i want ",
        "userDefined": false
      },
      {
        "text": "veg",
        "alias": "type",
        "meta": "@type",
        "userDefined": true
      },
      {
        "text": " pizza",
        "userDefined": false
      }
    ],
    "isTemplate": false,
    "count": 0,
    "updated": 0
  }
]