[
  {
    "id": "ec35523c-d8bd-449e-96a2-15adb1270ebd",
    "data": [
      {
        "text": "orderid",
        "userDefined": false
      }
    ],
    "isTemplate": false,
    "count": 0,
    "updated": 0
  },
  {
    "id": "0f7fa2d9-b230-4315-99f8-430bfd49268f",
    "data": [
      {
        "text": "order",
        "userDefined": false
      }
    ],
    "isTemplate": false,
    "count": 0,
    "updated": 0
  },
  {
    "id": "d82b4326-8488-42a9-9619-7accefa6e1d3",
    "data": [
      {
        "text": "status",
        "userDefined": false
      }
    ],
    "isTemplate": false,
    "count": 0,
    "updated": 0
  },
  {
    "id": "163b2595-fcc6-487b-b53c-5e293b4b74c5",
    "data": [
      {
        "text": "track d",
        "userDefined": false
      }
    ],
    "isTemplate": false,
    "count": 0,
    "updated": 0
  },
  {
    "id": "033857e2-815e-4ebb-b104-fa63f73e0b35",
    "data": [
      {
        "text": "i want to know order status",
        "userDefined": false
      }
    ],
    "isTemplate": false,
    "count": 0,
    "updated": 0
  },
  {
    "id": "df4f1b31-7ba6-4ab6-9d8d-f2ab716337bf",
    "data": [
      {
        "text": "i want to know the status",
        "userDefined": false
      }
    ],
    "isTemplate": false,
    "count": 0,
    "updated": 0
  }
]